{
  "health_reports": 16,
  "task_backups": 22,
  "archive_size_mb": 0.6742849349975586,
  "entropy_score": 0,
  "timestamp": "2026-02-28T01:27:38.282011"
}